block_muni_id,block_muni_name,sub_div_id,district_id,bm_type
502,NEWTOWN KOLKATA DEVELOPMENT AUTHORITY,40,2,MU
69,RANGLI RANGLIOT,15,8,BL
262,PANSKURA,57,15,BL
503,TAMRALIPTA MUNICIPALITY,57,15,MU
504,SMC(JALPAIGURI SDO),25,13,MC
505,CONTAI II,54,15,BL
506,PANSKURA I,57,15,BL
433,BARANAGAR MUNICIPALITY,41,2,MU
434,BARRACKPORE MUNICIPALITY,41,2,MU
435,BASIRHAT MUNICIPALITY,42,2,MU
507,PANSKURA II,57,15,BL
436,BHATPARA MUNICIPALITY,41,2,MU
437,BONGAON MUNICIPALITY,44,2,MU
438,DUM DUM MUNICIPALITY,41,2,MU
439,GARULIA MUNICIPALITY,41,2,MU
440,GOBARDANGA MUNICIPALITY,40,2,MU
441,KANCHRAPARA MUNICIPALITY,41,2,MU
442,KHARDAH MUNICIPALITY,41,2,MU
443,NEW BARRACKPORE MUNICIPALITY,40,2,MU
444,NORTH BARRACKPORE MUNICIPALITY,40,2,MU
445,PANIHATI MUNICIPALITY,41,2,MU
96,DOMJUR,23,12,BL
419,COOPERS CAMP NOTIFIED AREA,38,18,MU
446,SOUTH DUM DUM MUNICIPALITY,41,2,MU
447,TAKI MUNICIPALITY,42,2,MU
448,TITAGARH MUNICIPALITY,41,2,MU
449,NAIHATI MUNICIPALITY,41,2,MU
450,HABRA MUNICIPALITY,40,2,MU
483,DIAMOND HARBOUR MUNICIPALITY,65,3,MU
485,MAHESHTALA MUNICIPALITY,62,3,MU
486,PUJALI MUNICIPALITY,62,3,MU
488,DALKHOLA MUNICIPALITY,67,10,MU
489,ISLAMPUR MUNICIPALITY,67,10,MU
491,RAIGANJ MUNICIPALITY,68,10,MU
492,FALAKATA MUNICIPALITY,1,20,MU
496,BANARHAT,25,13,BL
30,SURI-II,7,6,BL
113,MAL,26,13,BL
497,LAVA,28,21,BL
126,PEDONG,28,21,BL
235,MIDNAPORE SADAR,49,16,BL
296,JHALDA II,59,19,BL
285,PURULIA I,58,19,BL
286,PURULIA II,58,19,BL
484,JAYNAGAR-MAZILPUR MUNICIPALITY,63,3,MU
487,RAJPUR-SONARPUR MUNICIPALITY,63,3,MU
490,KALIAGANJ MUNICIPALITY,68,10,MU
411,DHULIAN MUNICIPALITY,33,17,MU
414,JIAGANJ-AZIMGANJ MUNICIPALITY,35,17,MU
427,TAHERPUR NOTIFIED AREA,38,18,MU
431,ASHOKENAGAR-KALYANGARH MUNICIPALITY,40,2,MU
412,DOMKAL MUNICIPALITY,32,17,MU
413,JANGIPUR MUNICIPALITY,33,17,MU
415,KANDI MUNICIPALITY,34,17,MU
416,MURSHIDABAD MUNICIPALITY,35,17,MU
417,BIRNAGAR MUNICIPALITY,38,18,MU
418,CHAKDAHA MUNICIPALITY,36,18,MU
420,GAYESHPUR MUNICIPALITY,36,18,MU
421,HARINGHATA MUNICIPALITY,36,18,MU
422,KALYANI MUNICIPALITY,36,18,MU
423,KRISHNANAGAR MUNICIPALITY,37,18,MU
424,NABADWIP MUNICIPALITY,37,18,MU
425,RANAGHAT MUNICIPALITY,38,18,MU
426,SANTIPUR MUNICIPALITY,38,18,MU
428,BARASAT MUNICIPALITY,40,2,MU
429,MADHYAMGRAM MUNICIPALITY,40,2,MU
430,NORTH DUM DUM MUNICIPALITY,41,2,MU
432,BADURIA MUNICIPALITY,42,2,MU
31,SAINTHIA,7,6,BL
498,MAYNAGURI MUNICIPALITY,25,13,MU
32,RAJNAGAR,7,6,BL
33,KHOYRASOLE,7,6,BL
34,DUBRAJPUR,7,6,BL
35,MD. BAZAR,7,6,BL
36,BOLPUR-SRINIKETAN,5,6,BL
37,ILLAMBAZAR,5,6,BL
38,NANOOR,5,6,BL
39,LABPUR,5,6,BL
40,RAMPURHAT-I,6,6,BL
41,RAMPURHAT-II,6,6,BL
42,NALHATI-I,6,6,BL
43,NALHATI-II,6,6,BL
44,MAYURESWAR-I,6,6,BL
45,MAYURESWAR-II,6,6,BL
46,MURARAI-I,6,6,BL
47,MURARAI-II,6,6,BL
48,COOCH BEHAR -I,8,7,BL
49,COOCH BEHAR -II,8,7,BL
50,DINHATA -I,9,7,BL
51,DINHATA -II,9,7,BL
52,SITAI,9,7,BL
465,MEDINIPUR MUNICIPALITY,49,16,MU
466,RAMJIBANPUR MUNICIPALITY,47,16,MU
473,CONTAI   MUNICIPALITY,54,15,MU
451,HALISAHAR MUNICIPALITY,41,2,MU
452,KAMARHATI MUNICIPALITY,41,2,MU
453,BIDHANNAGAR MUNICIPAL CORPORATION,43,2,MC
456,ASANSOL MUNICIPAL CORPORATION,45,23,MC
458,DURGAPUR MUNICIPAL CORPORATION,46,23,MC
460,CHANDRAKONA MUNICIPALITY,47,16,MU
461,GHATAL MUNICIPALITY,47,16,MU
462,KHARAGPUR MUNICIPALITY,48,16,MU
463,KHARAR MUNICIPALITY,47,16,MU
464,KHIRPAI MUNICIPALITY,47,16,MU
467,BURDWAN MUNICIPALITY,52,5,MU
468,DAINHAT MUNICIPALITY,51,5,MU
469,GUSKARA MUNICIPALITY,52,5,MU
470,KALNA MUNICIPALITY,50,5,MU
471,KATWA MUNICIPALITY,51,5,MU
472,MEMARI MUNICIPALITY,53,5,MU
474,EGRA MUNICIPALITY,55,15,MU
475,HALDIA MUNICIPALITY,56,15,MU
476,PANSKURA MUNICIPALITY,57,15,MU
477,TAMRALIPTA MUNICIPALITY,57,15,MU
478,JHALDA MUNICIPALITY,59,19,MU
479,PURULIA MUNICIPALITY,58,19,MU
480,RAGHUNATHPUR MUNICIPALITY,61,19,MU
481,BARUIPUR MUNICIPALITY,63,3,MU
482,BUDGE BUDGE MUNICIPALITY,62,3,MU
53,MATHABHANGA -I,10,7,BL
54,MATHABHANGA -II,10,7,BL
55,SITALKUCHI,10,7,BL
56,MEKHLIGANJ,11,7,BL
57,HALDIBARI,11,7,BL
58,TUFANGANJ -I,12,7,BL
59,TUFANGANJ -II,12,7,BL
60,BALURGHAT,13,9,BL
61,HILI,13,9,BL
62,KUMARGANJ,13,9,BL
63,TAPAN,13,9,BL
64,GANGARAMPUR,14,9,BL
65,KUSHMANDI,14,9,BL
66,BANSIHARI,14,9,BL
67,HARIRAMPUR,14,9,BL
68,PULBAZAR,15,8,BL
70,JOREBUNGLOW SUKIAPOKHRI,15,8,BL
71,KURSEONG,16,8,BL
72,MIRIK,17,8,BL
73,MATIGARA,18,8,BL
74,NAXALBARI,18,8,BL
75,KHORIBARI,18,8,BL
76,PHANSIDEWA,18,8,BL
77,ARAMBAGH,19,11,BL
78,PURSURAH,19,11,BL
79,KHANAKUL-I,19,11,BL
80,KHANAKUL-II,19,11,BL
81,GOGHAT-I,19,11,BL
82,GOGHAT-II,19,11,BL
83,BALAGARH,21,11,BL
84,PANDUA,21,11,BL
85,CHINSURAHA MAGRA,21,11,BL
86,POLBA DADPUR,21,11,BL
87,DHANIAKHALI,21,11,BL
88,TARAKESHWAR,20,11,BL
89,HARIPAL,20,11,BL
90,SINGUR,20,11,BL
91,SRIRAMPUR UTTARPARA,22,11,BL
92,CHANDITALA-I,22,11,BL
93,CHANDITALA-II,22,11,BL
94,JANGIPARA,22,11,BL
95,BALLY JAGACHA,23,12,BL
97,PANCHLA,23,12,BL
98,SANKRAIL,23,12,BL
99,JAGATBALLAVPUR,23,12,BL
100,ULUBERIA-I,24,12,BL
101,ULUBERIA-II,24,12,BL
102,AMTA-I,24,12,BL
103,AMTA-II,24,12,BL
104,BAGNAN-I,24,12,BL
105,BAGNAN-II,24,12,BL
106,SHYAMPUR-I,24,12,BL
107,SHYAMPUR-II,24,12,BL
108,UDAYNARAYANPUR,24,12,BL
110,DHUPGURI,25,13,BL
111,MAYNAGURI,25,13,BL
112,RAJGANJ,25,13,BL
114,MATIALI,26,13,BL
115,NAGRAKATA,26,13,BL
116,JHARGRAM,27,22,BL
117,JAMBONI,27,22,BL
118,BINPUR-I,27,22,BL
119,BINPUR-II,27,22,BL
120,GOPIBALLAVPUR-I,27,22,BL
122,SANKRAIL,27,22,BL
123,NAYAGRAM,27,22,BL
124,GORUBATHAN,28,21,BL
125,KALIMPONG-I,28,21,BL
127,ENGLISH BAZAR,30,14,BL
128,GAZOLE,30,14,BL
129,HABIBPUR,30,14,BL
130,KALIACHAK I,30,14,BL
131,KALIACHAK II,30,14,BL
132,KALIACHAK III,30,14,BL
133,MANIKCHAK,30,14,BL
134,OLD MALDA,30,14,BL
109,JALPAIGURI (SADAR),25,13,BL
121,GOPIBALLAVPUR-II,27,22,BL
356,MEKHLIGANJ MUNICIPALITY,11,7,MU
364,MIRIK NOTIFIED AREA,17,8,MU
372,CHAMPDANI MUNICIPALITY,20,11,MU
374,HOOGHLY-CHINSURAH MUNICIPALITY,21,11,MU
343,ALIPURDUAR MUNICIPALITY,1,20,MU
344,BANKURA MUNICIPALITY,2,4,MU
345,BISHNUPUR MUNICIPALITY,3,4,MU
346,SONAMUKHI MUNICIPALITY,3,4,MU
347,BOLPUR MUNICIPALITY,5,6,MU
348,DUBRAJPUR MUNICIPALITY,7,6,MU
349,NALHATI MUNICIPALITY,6,6,MU
350,RAMPURHAT MUNICIPALITY,6,6,MU
351,SAINTHIA MUNICIPALITY,7,6,MU
352,SURI MUNICIPALITY,7,6,MU
353,COOCH BEHAR MUNICIPALITY,8,7,MU
354,DINHATA MUNICIPALITY,9,7,MU
355,MATHABHANGA MUNICIPALITY,10,7,MU
357,TUFANGANJ MUNICIPALITY,12,7,MU
358,HALDIBARI MUNICIPALITY,11,7,MU
359,BALURGHAT MUNICIPALITY,13,9,MU
360,BUNIADPUR MUNICIPALITY,14,9,MU
361,GANGARAMPUR MUNICIPALITY,14,9,MU
362,DARJEELING MUNICIPALITY,15,8,MU
363,KURSEONG MUNICIPALITY,16,8,MU
365,SILIGURI MUNICIPAL CORPORATION,18,8,MC
368,ARAMBAGH MUNICIPALITY,19,11,MU
369,BAIDYABATI MUNICIPALITY,20,11,MU
370,BANSBERIA MUNICIPALITY,21,11,MU
371,BHADRESWAR MUNICIPALITY,20,11,MU
373,DANKUNI MUNICIPALITY,22,11,MU
375,KONNAGAR MUNICIPALITY,22,11,MU
376,RISHRA MUNICIPALITY,22,11,MU
135,BAMONGOLA,30,14,BL
380,CHANDERNAGAR MUNICIPAL CORPORATION,20,11,MC
379,UTTARPARA KOTRUNG MUNICIPALITY,22,11,MU
407,ENGLISH BAZAR MUNICIPALITY,30,14,MU
377,SERAMPORE MUNICIPALITY,22,11,MU
378,TARAKESWAR MUNICIPALITY,20,11,MU
382,ULUBERIA MUNICIPALITY,24,12,MU
383,HOWRAH MUNICIPAL CORPORATION,23,12,MC
386,DHUPGURI MUNICIPALITY,25,13,MU
387,JALPAIGURI MUNICIPALITY,25,13,MU
388,MAL MUNICIPALITY,26,13,MU
389,JHARGRAM MUNICIPALITY,27,22,MU
390,KALIMPONG MUNICIPALITY,28,21,MU
391,KOLKATA MUNICIPAL CORPORATION,69,24,MC
408,OLD MALDA MUNICIPALITY,30,14,MU
409,BELDANGA MUNICIPALITY,31,17,MU
410,BERHAMPORE MUNICIPALITY,31,17,MU
493,KRANTI,26,13,BL
136,CHANCHAL I,29,14,BL
137,CHANCHAL II,29,14,BL
138,HARISCHANDRAPUR I,29,14,BL
139,HARISCHANDRAPUR II,29,14,BL
140,RATUA I,29,14,BL
141,RATUA II,29,14,BL
142,BERHAMPORE,31,17,BL
143,BELDANGA I,31,17,BL
144,BELDANGA II,31,17,BL
145,HARIHARPARA,31,17,BL
146,NAODA,31,17,BL
147,DOMKAL,32,17,BL
148,RANINAGAR I,32,17,BL
149,RANINAGAR II,32,17,BL
150,JALANGI,32,17,BL
151,RAGHUNATHGANJ I,33,17,BL
152,RAGHUNATHGANJ II,33,17,BL
153,SUTI I,33,17,BL
1,ALIPURDUAR I,1,20,BL
2,ALIPURDUAR II,1,20,BL
3,FALAKATA,1,20,BL
4,KALCHINI,1,20,BL
5,KUMARGRAM,1,20,BL
6,MADARIHAT-BIRPARA,1,20,BL
7,BANKURA I,2,4,BL
8,BANKURA II,2,4,BL
9,BARJORA,2,4,BL
10,CHHATNA,2,4,BL
11,GANGAJALGHATI,2,4,BL
12,MEJIA,2,4,BL
13,ONDA,2,4,BL
14,SALTORA,2,4,BL
15,KHATRA,4,4,BL
16,INDPUR,4,4,BL
17,HIRBANDH,4,4,BL
18,RANIBANDH,4,4,BL
19,RAIPUR,4,4,BL
20,SARENGA,4,4,BL
21,SIMLAPAL,4,4,BL
22,TALDANGRA,4,4,BL
23,BISHNUPUR,3,4,BL
24,INDAS,3,4,BL
25,JOYPUR,3,4,BL
26,PATRASAYER,3,4,BL
27,KOTULPUR,3,4,BL
28,SONAMUKHI,3,4,BL
29,SURI-I,7,6,BL
154,SUTI II,33,17,BL
155,SAGARDIGHI,33,17,BL
156,SAMSERGANJ,33,17,BL
157,FARAKKA,33,17,BL
158,KANDI,34,17,BL
159,KHARGRAM,34,17,BL
160,BURWAN,34,17,BL
161,BHARATPUR I,34,17,BL
162,BHARATPUR II,34,17,BL
163,MURSHIDABAD JIAGANJ,35,17,BL
164,BHAGAWANGOLA I,35,17,BL
165,BHAGAWANGOLA II,35,17,BL
166,LALGOLA,35,17,BL
167,NABAGRAM,35,17,BL
168,KRISHANAGAR-I,37,18,BL
169,KRISHANAGAR-II,37,18,BL
170,KRISHNAGANJ,37,18,BL
171,KALIGANJ,37,18,BL
181,KARIMPUR I,39,18,BL
182,KARIMPUR II,39,18,BL
179,TEHATTA -I,39,18,BL
180,TEHATTA -II,39,18,BL
172,NABADWIP,37,18,BL
173,NAKASHIPARA,37,18,BL
174,CHAPRA,37,18,BL
175,RANAGHAT -I,38,18,BL
176,RANAGHAT -II,38,18,BL
177,HANSKHALI,38,18,BL
178,SANTIPUR,38,18,BL
183,KALYANI,36,18,BL
184,HARINGHATA,36,18,BL
185,CHAKDAHA,36,18,BL
186,BARRACKPORE I,41,2,BL
187,BARRACKPORE II,41,2,BL
188,BARASAT I,40,2,BL
189,BARASAT II,40,2,BL
190,AMDANGA,40,2,BL
191,DEGANGA,40,2,BL
192,HABRA I,40,2,BL
193,HABRA II,40,2,BL
194,BAGDAH,44,2,BL
195,BANGAON,44,2,BL
196,GAIGHATA,44,2,BL
197,BADURIA,42,2,BL
198,BASIRHAT I,42,2,BL
199,BASIRHAT II,42,2,BL
200,HAROA,42,2,BL
201,HASNABAD,42,2,BL
202,HINGALGANJ,42,2,BL
203,MINAKHAN,42,2,BL
204,SANDESHKHALI I,42,2,BL
205,SANDESHKHALI II,42,2,BL
206,SWARUPNAGAR,42,2,BL
207,RAJARHAT,43,2,BL
208,RANIGANJ,45,23,BL
209,JAMURIA,45,23,BL
210,BARABANI,45,23,BL
211,SALANPUR,45,23,BL
212,DURGAPUR FARIDPUR,46,23,BL
213,ANDAL,46,23,BL
214,KANKSA,46,23,BL
215,PANDABESWAR,46,23,BL
216,CHANDRAKONA-I,47,16,BL
217,CHANDRAKONA-II,47,16,BL
218,DASPUR-I,47,16,BL
219,DASPUR-II,47,16,BL
220,GHATAL,47,16,BL
221,DANTAN-I,48,16,BL
222,DANTAN-II,48,16,BL
223,DEBRA,48,16,BL
224,KESHIARY,48,16,BL
225,KHARAGPUR-I,48,16,BL
226,KHARAGPUR-II,48,16,BL
227,MOHANPUR,48,16,BL
228,NARAYANGARH,48,16,BL
229,PINGLA,48,16,BL
230,SABANG,48,16,BL
231,GARHBETA-I,49,16,BL
232,GARHBETA-II,49,16,BL
233,GARHBETA-III,49,16,BL
234,KESHPUR,49,16,BL
236,SALBONI,49,16,BL
237,AUSGRAM I,52,5,BL
238,AUSGRAM II,52,5,BL
239,BHATAR,52,5,BL
240,GALSI I,52,5,BL
241,GALSI II,52,5,BL
242,BURDWAN I,52,5,BL
243,BURDWAN II,52,5,BL
244,MEMARI I,53,5,BL
245,MEMARI II,53,5,BL
246,JAMALPUR,53,5,BL
247,RAINA I,53,5,BL
248,RAINA II,53,5,BL
249,KHANDAGHOSH,53,5,BL
250,MONGALKOTE,51,5,BL
251,KETUGRAM I,51,5,BL
252,KETUGRAM II,51,5,BL
253,KATWA I,51,5,BL
254,KATWA II,51,5,BL
255,PURBASTHALI I,50,5,BL
256,PURBASTHALI II,50,5,BL
257,KALNA I,50,5,BL
258,KALNA II,50,5,BL
259,MANTESWAR,50,5,BL
260,TAMLUK,57,15,BL
261,SAHID MATANGINI,57,15,BL
263,KOLAGHAT,57,15,BL
264,MOYNA,57,15,BL
265,NANDAKUMAR,57,15,BL
266,CHANDIPUR,57,15,BL
267,HALDIA,56,15,BL
268,MAHISHADAL,56,15,BL
269,NANDIGRAM I,56,15,BL
270,NANDIGRAM II,56,15,BL
271,SUTAHATA,56,15,BL
272,PATASHPUR I,55,15,BL
273,PATASHPUR II,55,15,BL
274,BHAGABANPUR I,55,15,BL
275,EGRA I,55,15,BL
276,EGRA II,55,15,BL
277,KHEJURI I,54,15,BL
278,KHEJURI II,54,15,BL
279,BHAGABANPUR II,54,15,BL
280,RAMNAGAR I,54,15,BL
281,RAMNAGAR II,54,15,BL
282,CONTAI I,54,15,BL
283,DESHAPRAN,54,15,BL
284,CONTAI III,54,15,BL
287,HURA,58,19,BL
288,BALARAMPUR,58,19,BL
289,ARSHA,58,19,BL
290,MANBAZAR I,60,19,BL
291,MANBAZAR II,60,19,BL
292,BANDWAN,60,19,BL
293,PUNCHA,60,19,BL
294,BARABAZAR,60,19,BL
297,JOYPUR,59,19,BL
298,BAGHMUNDI,59,19,BL
299,PARA,61,19,BL
300,RAGHUNATHPUR I,61,19,BL
301,RAGHUNATHPUR II,61,19,BL
302,NETURIA,61,19,BL
303,SANTURI,61,19,BL
304,KASHIPUR,61,19,BL
305,BISHNUPUR I,62,3,BL
295,JHALDA I,59,19,BL
306,BISHNUPUR II,62,3,BL
307,BUDGE BUDGE I,62,3,BL
308,BUDGE BUDGE II,62,3,BL
309,THAKURPUKUR MAHESHTALA,62,3,BL
310,BARUIPUR,63,3,BL
311,BHANGAR I,63,3,BL
312,BHANGAR II,63,3,BL
313,JAYNAGAR I,63,3,BL
314,JAYNAGAR II,63,3,BL
315,KULTALI,63,3,BL
316,SONARPUR,63,3,BL
317,BASANTI,64,3,BL
318,CANNING I,64,3,BL
319,CANNING II,64,3,BL
320,GOSABA,64,3,BL
321,DIAMOND HARBOUR I,65,3,BL
322,DIAMOND HARBOUR II,65,3,BL
323,FALTA,65,3,BL
324,KULPI,65,3,BL
325,MAGRAHAT I,65,3,BL
326,MAGRAHAT II,65,3,BL
327,MANDIRBAZAR,65,3,BL
328,MATHURAPUR I,65,3,BL
329,MATHURAPUR II,65,3,BL
330,KAKDWIP,66,3,BL
331,NAMKHANA,66,3,BL
332,PATHARPRATIMA,66,3,BL
333,SAGAR,66,3,BL
334,RAIGANJ,68,10,BL
335,HEMTABAD,68,10,BL
336,KALIYAGANJ,68,10,BL
337,ITAHAR,68,10,BL
338,ISLAMPUR,67,10,BL
339,CHOPRA,67,10,BL
340,GOALPOKHER-I,67,10,BL
341,GOALPOKHER-II,67,10,BL
342,KARANDIGHI,67,10,BL
501,BALLY MUNICIPALITY,23,12,MU
499,KMC(ALIPORE SADAR),62,3,MC
500,KMC(BARUIPUR),63,3,MC
